text,labels,source,dataset,nb_annotators,post_author_country_location,claude_predictions,prediction_timestamp,text_length,text_hash,processing_completed,cache_hit
"More salt already. Oi. Give it up, dudes. LINK",0.0,Twitter,are_you_a_racist,2+,United States,0,2025-06-12 16:29:01.847332,46,a078334845308c257a7e67798a581235,2025-06-12 16:32:48.157886,True
"RT @USER: ""Exactly how is any male supposed to protect himself against ... the Sulkowicz Scenario?"" LINK #tcot @USER",1.0,Twitter,hateful_symbols,3,United States,0,2025-06-12 16:29:01.847332,116,4d7a888b7b6738442eb1cccf7bbbda11,2025-06-12 16:32:48.157886,True
"Apathy is a terrible thing for football. The FA are lucky the cinemas, pubs and theatres are shut because the games on tv with no crowds are slowly killing the game.",0.0,Twitter,toraman,5,United Kingdom,0,2025-06-12 16:29:01.847332,165,58cf994ccaaf4e21f0db08951d88b268,2025-06-12 16:32:48.157886,True
Thank you @USER for posting another great #BookReview on my website! LINK it is truly outstanding! LINK,0.0,Twitter,toraman,5,United States,0,2025-06-12 16:29:01.847332,103,e4f7fe1eae45a24131cfe1df1451a46b,2025-06-12 16:32:48.157886,True
"Everybody should've ..... wait drug addicted Yam tits is an idiot. 
Russian Bounty Report Seems Like the Kind of Thing Trump Should‚Äôve Known, GOP Says LINK via @USER",0.0,Twitter,toraman,5,United States,1,2025-06-12 16:29:01.847332,165,8fff41d760a7aed7a494e9a4fa2cd2ae,2025-06-12 16:32:48.157886,True
"european stocks continued their slide after the japanese market dropped to a six-month low, with 97% of shares on the tokyo exchange‚Äôs main board in the red. #european #market #sharemarket #japan #stocks #europe #coronavirus #covid„Éº19 #chinavirus LINK",0.0,Twitter,east_asian,2,India,1,2025-06-12 16:29:01.847332,251,2d5ec720293159d5996a4f68d6b0a1cb,2025-06-12 16:32:48.157886,True
"I am still just so fucking angry at the fact that Trump knew of Russian bounties on American soldiers heads, and at the same time was threatening use of the same men and women solders against American civilians peacefully protesting. He was asking the military to break their 1/2",0.0,Twitter,toraman,5,United States,0,2025-06-12 16:29:01.847332,279,b09961d3716f9643907b4a7337178197,2025-06-12 16:32:48.157886,True
"wen a man steps outside his home, he knows where his real home is",0.0,Twitter,call_me_sexist,5,United States,0,2025-06-12 16:29:01.847332,65,642cb1218b7bcd468146cd3ff91d7fd4,2025-06-12 16:32:48.157886,True
Congrats to our Senior Dylan Clark for signing with AB to play sprint football!!! So proud of you buddy!! Carry on the tradition you helped to build! Love you! #GoBlue LINK,0.0,Twitter,toraman,5,United States,0,2025-06-12 16:29:01.847332,172,6e7ac0c9c98914d98aaf2e9c9ebcf97b,2025-06-12 16:32:48.157886,True
Biden‚Äôs speech is over. Count down to the childish response from @USER I am sure #BunkerBoy will have something stupid to tweet. @USER,0.0,Twitter,toraman,5,United States,0,2025-06-12 16:29:01.847332,134,abe945ce14b598ba55cc90a2da62c833,2025-06-12 16:32:48.157886,True
"bleh. That tweet was supposed to be a reply, but people seem to enjoy it, so I'll leave it.",0.0,Twitter,are_you_a_racist,2+,United States,0,2025-06-12 16:29:01.847332,91,2de5434f941925a5b8c5f6277475d35e,2025-06-12 16:32:48.157886,True
Here is a set to get a quick shot against a 2-3 zone with the ball out of bounds on the baseline LINK,0.0,Twitter,toraman,5,United States,0,2025-06-12 16:29:01.847332,101,618db2a0572a08cdb9bb4cfc3fbebfa1,2025-06-12 16:32:48.157886,True
"Win,lose or tie/Indian football fan till I die.....üíôüíôüáÆüá≥üáÆüá≥#Indianfootball LINK",0.0,Twitter,toraman,5,India,0,2025-06-12 16:29:01.847332,77,42cd1c79ee38f1b8b22ff4b274a7e336,2025-06-12 16:32:48.157886,True
So I went off Facebook for Lent (not super Christian or anything but I always participate in Lent) and I feel a little out of touch but also free.,0.0,Twitter,toraman,5,United Kingdom,0,2025-06-12 16:29:01.847332,146,d2aedf3047b9be5488a2b4dd09bdeafa,2025-06-12 16:32:48.157886,True
@USER ur a faggot,1.0,Twitter,melsherief,,United States,1,2025-06-12 16:29:01.847332,17,6525797772860c54a51ca07abefcf642,2025-06-12 16:32:48.157886,True
"Does everyone know how to play Russian Roulette? Put one bullet in a 6 shooter, spin the chamber, put the gun up to your head and pull the trigger. Taking the Covid shot is no different!",0.0,Twitter,toraman,5,United States,0,2025-06-12 16:29:01.847332,186,efef25598082887cb8aef6ed67238613,2025-06-12 16:32:48.157886,True
Afternoon Briefs: Defamation suit against Trump proceeds; 4th Circuit upholds terrorist watch list LINK,0.0,Twitter,toraman,5,United States,0,2025-06-12 16:29:01.847332,103,b2d53afcb517c959ddec63736c284dd7,2025-06-12 16:32:48.157886,True
"PSA: Venting on Twitter is good for the psyche, but if you don't #VOTE in November, it doesn't mean a printer's damn.
#BlueTsunami2020",0.0,Twitter,toraman,5,United States,0,2025-06-12 16:29:01.847332,134,c03c4359307b7a3687418dfd99bfc231,2025-06-12 16:32:48.157886,True
Here's the REAL impact of JK Rowliing's hate campaign.  LINK,0.0,Twitter,toraman,5,United States,0,2025-06-12 16:29:01.847332,60,293fb6746276326a2ffef5474d0be814,2025-06-12 16:32:48.157886,True
"Funny how I wasn‚Äôt allowed to have ANYONE over at all as kid, wasn‚Äôt allowed to date, etc. but my brother was allowed to start dating in 6th grade, my parents didn‚Äôt give a fuck what he did, and my sister is allowed to have a sleepover with her girlfriend at 12 CAUSE SHES GAY",0.0,Twitter,toraman,5,United States,0,2025-06-12 16:29:01.847332,276,b81f4214d5b3a871563128da1da73c10,2025-06-12 16:32:48.157886,True
"And while I may not be sexually attracted to trans women I still feel in my heart, compassion for them. As I would want for myself. With that being said I'm Gay for a reason. If I wanted/want a chick I can and would get one. But I'll pass ü§¥üèæ
-yupü§ôüèΩüëΩüí¶üí¶",0.0,Twitter,toraman,5,United States,0,2025-06-12 16:29:01.847332,251,79b880cb5e27e27be94050751404fdb9,2025-06-12 16:32:48.157886,True
"FOX 5 Atlanta: GBI: Suspect dead, deputy shot during Lithia Springs armed robbery.

@USER
LINK

via @USER",0.0,Twitter,toraman,5,United States,0,2025-06-12 16:29:01.847332,105,4c64d667b5ff59ed8bc05b9cd92ce6eb,2025-06-12 16:32:48.157886,True
"Russia is going to ADMIT to BOUNTY-PAYMENTS sheesh what a stupid question to ask Russian Diplomats, they must think were as DUMB as Trump, dah!",0.0,Twitter,toraman,5,United States,0,2025-06-12 16:29:01.847332,143,ea77a02bb3d2bd537f97b42a7b0a8e80,2025-06-12 16:32:48.157886,True
"In a unanimous vote, the New York State Senate passed the Outdoor Rx Act on February 26, 2020. The bill would lower barriers for veterans to access New York State‚Äôs scenic and restorative outdoor spaces. LINK",0.0,Twitter,toraman,5,United States,0,2025-06-12 16:29:01.847332,208,8cafd8fe04bc9abc0b723fdc6e395051,2025-06-12 16:32:48.157886,True
"TransCycle: Russian, Chinese (Traditional), Somali, Greek, Uzbek, Chinese (Traditional), Spanish, Welsh, Persian",0.0,Twitter,toraman,5,United States,0,2025-06-12 16:29:01.847332,112,ce92ce29e07da77b947f0101fc8ce1e4,2025-06-12 16:32:48.157886,True
A coronavirus recession would likely end Trump's presidency LINK,0.0,Twitter,toraman,5,United States,0,2025-06-12 16:29:01.847332,64,8bb54837c68b8ffdf874d4a257a6de26,2025-06-12 16:32:48.157886,True
Apparently now the Australians have joined the British in confirming Russian #BountyGate leaving @USER the only world leader claiming to be too stupid to know what is going on.,0.0,Twitter,toraman,5,United States,0,2025-06-12 16:29:01.847332,176,9147d1271f25b31ee35b71ef4d9ae3c6,2025-06-12 16:32:48.157886,True
Isn‚Äôt it weird that he has lil bitty U.S. flags and these Big @USER confederate flags. Even his Trump flag is bigger than the U.S. flag. These are a different kind of stupid people. #endracism #stupidasspeople #ignorance LINK,0.0,Twitter,toraman,5,United States,0,2025-06-12 16:29:01.847332,225,e06d152ecc1e5479d229193ad1f0cb4b,2025-06-12 16:32:48.157886,True
"When you are SS and follow the front-line units of the Wehrmacht into Russia &amp; Ukraine and you shoot hundreds of Jews so they fall into ditches they were forced to dig, and burn alive hundreds more, are you someone who practices evil, or have you become evil?",0.0,Twitter,toraman,5,United States,0,2025-06-12 16:29:01.847332,263,a76c3976c31dc4504bd2e930a1b251f8,2025-06-12 16:32:48.157886,True
"@USER @USER @USER you and her must be twins, you sad cunt.",1.0,Twitter,melsherief,,United Kingdom,1,2025-06-12 16:29:01.847332,58,bfdf4aa85e1d9bb5b36a018a5ffc0944,2025-06-12 16:32:48.157886,True
"Here's my recap of Northwestern's 87-72 loss to Iowa, my quiet writing finale to humanity's most tragic year since World War II.

Chris Collins was of course disappointed with the result, but the game featured all the earmarks of an improved Wildcats team. LINK",0.0,Twitter,toraman,5,United States,0,2025-06-12 16:29:01.847332,261,1780c6ad0077e783b5e6a016ff266c55,2025-06-12 16:32:48.157886,True
@USER #wuhanvirus in #wuhan caused #chinaflu worldwide because it failed to contain and share information with others. it insisted on no travel ban while welding it's citizens inside their houses. for #china lives of its own don't matter. #wuhanoutbreak #coronavirus,1.0,Twitter,east_asian,2,India,1,2025-06-12 16:29:01.847332,266,ff38796d6ba734737ca15998cd41c622,2025-06-12 16:32:48.157886,True
"15:00 | Kent Discovers

Almost 100 years after the Cristero war between church and state started in Mexico, University of Kent researcher Dr Mark Lawrence explores the complicated history behind the country's memory.",0.0,Twitter,toraman,5,United Kingdom,0,2025-06-12 16:29:01.847332,216,d7d8cd0960f2f7740e707b895de0df66,2025-06-12 16:32:48.157886,True
The Bible offers you here and is time on earth.,0.0,Twitter,toraman,5,Nigeria,0,2025-06-12 16:29:01.847332,47,a1ac0f93b9ae3171769ff3aba306404f,2025-06-12 16:32:48.157886,True
New York Knicks with a 13-0 Run vs. Chicago Bulls LINK LINK,0.0,Twitter,toraman,5,United States,0,2025-06-12 16:29:01.847332,59,ffddf565bed1b402f05884b171ac4857,2025-06-12 16:32:48.157886,True
@USER nothing ever happens overnight. it's subtle stages unnoticed by many. i know things are changing. i am watching it happen.,0.0,Twitter,are_you_a_racist,2+,United States,0,2025-06-12 16:29:01.847332,128,fc05c5fe4f2ad39f4579275005534a87,2025-06-12 16:32:48.157886,True
.@USER Ignore the hate. They will ALL come around. LINK,0.0,Twitter,toraman,5,United States,0,2025-06-12 16:29:01.847332,55,35f1ff007c3761fa98788d5ac9121d13,2025-06-12 16:32:48.157886,True
Watching @USER on #MSNBC and just saw that exit polls show #LGBT #SCPrimary voters at 7%! Woot! Represent! üåàüíô,0.0,Twitter,toraman,5,United States,0,2025-06-12 16:29:01.847332,109,d2e31d291737ae8ed9b65ea8916b63bb,2025-06-12 16:32:48.157886,True
"@USER  well maybe that's because you've been acting like a right twat, revisit your past posts u numpty !!!",1.0,Twitter,melsherief,,United Kingdom,0,2025-06-12 16:29:01.847332,107,86dfeb7abb46277f88e0a5b94b73ad03,2025-06-12 16:32:48.157886,True
"A MATTER OF ACT

Curiosity didn't kill the cat,
Scientists should be curious like that, 
Meaning theories, as beliefs, can be never be facts
Unless experienced as a matter of act",0.0,Twitter,toraman,5,United Kingdom,0,2025-06-12 16:29:01.847332,178,427a6c21ebcd6b895effa8d9b8ad5774,2025-06-12 16:32:48.157886,True
"#Pfizer 2nd Shot = ""It's A Wrap!""
Zuckerberg San Francisco General, 1st Responders, Doctors, Nurses, Scientist, Medical Staff, US Military Officers, FedEx, U.S Congress, #Biden &amp; #Harris, UPS &amp; U.S. Postal Workers, Sheriffs, Police Officers &amp; Volunteer Staffs - THANK YOU! LINK",0.0,Twitter,toraman,5,United States,0,2025-06-12 16:29:01.847332,289,a9e0be38dd98c024885fe910e6c03e01,2025-06-12 16:32:48.157886,True
"#covid19 #coronavirus #WuFlu per bnonews, case incidence mainland China: (may click for full view) LINK",0.0,Twitter,east_asian,2,United States,0,2025-06-12 16:29:01.847332,103,f72211fde50eb8d9611cb4c429a3b11d,2025-06-12 16:32:48.157886,True
"A¬†pandemic¬†(Greek¬†œÄ·æ∂ŒΩ¬†pan¬†\all\"",  Œ¥·øÜŒºŒøœÇ¬†demos¬†\""people\"") is an¬†epidemic¬†of¬†disease¬†that has spread across a large region; for instance multiple¬†continents, or even worldwide. #WuFlu""",0.0,Twitter,east_asian,2,United States,1,2025-06-12 16:29:01.847332,184,7af6d54c340347ab410c8a5d2e564012,2025-06-12 16:32:48.157886,True
"@USER friday night, playing video games with friends. :)",0.0,Twitter,are_you_a_racist,2+,United States,0,2025-06-12 16:29:01.847332,56,04a42930766728915d162b67d9b71422,2025-06-12 16:32:48.157886,True
"Our most loved song last week was from @USER! Check out his track on #DoYouHateIt and tell us what you think. Hit the like button and get in your official vote at the link

LISTEN + VOTE &gt;&gt; LINK LINK",0.0,Twitter,toraman,5,United States,0,2025-06-12 16:29:01.847332,205,b3deaff5aadb1c0e8db4e3e590ddd454,2025-06-12 16:32:48.157886,True
"Despite the ongoing fighting between the Burmese Army and the KNU, I was surprised by the forcible repatriation of refugees by the Thai military to Burma.  Refugees from Kayin State have fled to the Thai border after a bomb blast at a Burmese army village.
#Mar29Coup LINK",0.0,Twitter,toraman,5,United States,0,2025-06-12 16:29:01.847332,272,b8af3e99ec03b1b0303e4ba4843866bc,2025-06-12 16:32:48.157886,True
oh so apparently the guy who came out with the sneakers with blood in them is gay and that's why it's news,0.0,Twitter,toraman,5,United States,0,2025-06-12 16:29:01.847332,106,413eed703c65413e9a4aeb2d3b12c935,2025-06-12 16:32:48.157886,True
"As a veteran, this shit is in a long list of shit that this shit gibbon has done. He abandoned the Kurds. Now this.

#TheResistance

LINK",0.0,Twitter,toraman,5,United States,0,2025-06-12 16:29:01.847332,137,b6011d62a420d61da2bb8d6d81523238,2025-06-12 16:32:48.157886,True
"East Catholic and Bristol Central warming up, crowd‚Äôs filling in for this anticipated CCC Boys Basketball quarterfinal nightcap #ctbb LINK",0.0,Twitter,toraman,5,United States,0,2025-06-12 16:29:01.847332,138,2614f5cb2251fd9cd17a115d5ec716a6,2025-06-12 16:32:48.157886,True
"Brandon Elliot, 38, has been arrested and charged with  assault as a hate crime for attacking a 65-year-old #Filipina woman on her way to church in #NewYork. The victim has been identified as Vilma Kari, an immigrant from the Philippines #stopasianhate LINK",0.0,Twitter,toraman,5,United States,0,2025-06-12 16:29:01.847332,257,681bae78e87390701ebda59733c96a2e,2025-06-12 16:32:48.157886,True
"Today, we recognize International Transgender Day of Visibility üíú

From Rome to ancient Asia, Africa...the American Civil war, we've wrestled with gender roles both economically, and socially for A REALLY LONG TIME. 

You're beautiful - Soundrop hears you and supports youüé∂üí™",0.0,Twitter,toraman,5,United States,0,2025-06-12 16:29:01.847332,274,9e6baad0a9f404c6ebd5d4ad89325b1a,2025-06-12 16:32:48.157886,True
"The Finance Bill 2021 has passed both houses of the parliament. If it becomes a law,it'll be another case of tax terrorism. Absolutely ridiculous that NRIs who don't stay in India, don't earn in India, don't make use of Indian resources must be forced to pay tax. @USER",0.0,Twitter,toraman,5,India,0,2025-06-12 16:29:01.847332,269,ef1e4b3c86674f9ee4dfdcd98ff20e24,2025-06-12 16:32:48.157886,True
227's YouTube Chili' LINK Watch Live: Derek Chauvin Trial Begins in Death of George Floyd | ABC News LINK LINK LINK üìö,0.0,Twitter,toraman,5,United States,0,2025-06-12 16:29:01.847332,117,215c6e4fadb3b670369505adb928c503,2025-06-12 16:32:48.157886,True
"@USER @USER That was why you said ""retard""? Sorry. No credibility",1.0,Twitter,melsherief,,United States,0,2025-06-12 16:29:01.847332,65,9da5d8d3631ba5d4dc5a87e8ab153cee,2025-06-12 16:32:48.157886,True
"losing my shit over homophobic gay elias, again",0.0,Twitter,toraman,5,United Kingdom,0,2025-06-12 16:29:01.847332,47,d1f37d6922c80f2383f51d2be64dc81a,2025-06-12 16:32:48.157886,True
"Here is an occasional reminder that you CAN believe the Bible is a sacred text, that Jesus really did rise from the dead, AND that queer folx and women belong in pastoral/ordained ministry.",0.0,Twitter,toraman,5,United States,0,2025-06-12 16:29:01.847332,189,e601e326275033905305159b05750bf4,2025-06-12 16:32:48.157886,True
Botswana: World‚Äôs Biggest Elephant Herd Opened for Hunters to Kill 287 | Journal of African Elephants LINK,0.0,Twitter,toraman,5,United States,0,2025-06-12 16:29:01.847332,106,8e3fe8bf5bdc87ed36a649f07a8e0117,2025-06-12 16:32:48.157886,True
"Biden seeks restoration of peoples' rights in Kashmir; disappointed with NRC, CAA LINK via @USER 

LOL we don't give a fuck about what this stupid monkey @USER  thinks",0.0,Twitter,toraman,5,India,1,2025-06-12 16:29:01.847332,167,1c9200df80f8d981ddedafef5c6a4448,2025-06-12 16:32:48.157886,True
MENTION1772 ain't no woman shitting on me. I'll send that shit to bleachers tryna get in the paint on me ;vP,0.0,Twitter,call_me_sexist,5,United States,1,2025-06-12 16:29:01.847332,108,5be3c9702dd877909844504eff1f0a39,2025-06-12 16:32:48.157886,True
GUYS I AM WEARING A SUPER HERO OUTFIT WITH A CAPE,0.0,Twitter,are_you_a_racist,2+,United States,0,2025-06-12 16:29:01.847332,49,bb83e30756911153b3f95fb6a66158db,2025-06-12 16:32:48.157886,True
@USER @USER putting it on my list. :),0.0,Twitter,are_you_a_racist,2+,United States,0,2025-06-12 16:29:01.847332,37,45c3c95dedbaec93e31bf31d99383ece,2025-06-12 16:32:48.157886,True
"""Anyone speak Joe Biden?""

Ozzy,""I'll do my best to translate, but Joe is brain dead."" LINK",0.0,Twitter,toraman,5,United States,1,2025-06-12 16:29:01.847332,91,a4dd970bfab08ece8667e0ed68060761,2025-06-12 16:32:48.157886,True
"Can't remember a sitting US president hitting me up for cash before, spelling my name wrong to boot. Bitch please LINK",0.0,Twitter,toraman,5,United States,0,2025-06-12 16:29:01.847332,118,a7ba272c1c7f4a03a9bc9e8f081a97fa,2025-06-12 16:32:48.157886,True
Silva at the double as Frankfurt storm through to Europa last 16 LINK via @@USER,0.0,Twitter,toraman,5,United Kingdom,0,2025-06-12 16:29:01.847332,80,f798edc86a9e85f51d5231568b9f88cd,2025-06-12 16:32:48.157886,True
"The #USSR became the first Marxist country in the world OTD in 1922, following the October Revolution &amp; a Civil War that ended the Russian Empire. The #SovietUnion comprised a federation of Russia, Belorussia, Ukraine &amp; the Transcaucasian Federation, but grew larger over time. LINK",0.0,Twitter,toraman,5,United States,0,2025-06-12 16:29:01.847332,290,2332e32b24795f5d37c88a3002deb37c,2025-06-12 16:32:48.157886,True
"@USER eh, I knew she'd take credit for me utilizing my old work account, but I can't really let GG affect my life decisons &lt;3",0.0,Twitter,are_you_a_racist,2+,United States,0,2025-06-12 16:29:01.847332,128,a5deb81dff5ccdcee02937f5c7ebef31,2025-06-12 16:32:48.157886,True
"‚ÄúA fool‚Äôs mouth is his devastation, and his lips are a trap for his life.‚Äù
Proverbs 18:7 CSB LINK",0.0,Twitter,toraman,5,United States,0,2025-06-12 16:29:01.847332,97,e855609f61990b87437e8ba5ade4c58a,2025-06-12 16:32:48.157886,True
"Not to mention, initial development time increase incrementally when trying to learn a new language at the same time as writing a new tool.",0.0,Twitter,are_you_a_racist,2+,United States,0,2025-06-12 16:29:01.847332,139,e8f30340c1dfc28bf908ec7e73496b99,2025-06-12 16:32:48.157886,True
"@USER you dumb twat, it‚Äôs a musical.",1.0,Twitter,melsherief,,United States,1,2025-06-12 16:29:01.847332,36,a3b282df09655cbf4311db924d4f1b3a,2025-06-12 16:32:48.157886,True
"Once again, and again...voting for Biden is the only way we'll get Trump out of office.

This Russian shit doesn't matter because the Republican Senate will never hold him accountable. Ever. Hell, most of them are in Putin's pocket.

There won't be a coup, resignation, or XXV A.",0.0,Twitter,toraman,5,United States,0,2025-06-12 16:29:01.847332,279,474674188c8b6e54e8a714a9fa6a532c,2025-06-12 16:32:48.157886,True
@USER #chinavirus is the worst export done by the sick country of asia,1.0,Twitter,east_asian,2,United States,1,2025-06-12 16:29:01.847332,70,062a2c359857765a311dd4ea0eb33c97,2025-06-12 16:32:48.157886,True
@USER email is randi@USER.io,0.0,Twitter,are_you_a_racist,2+,United States,1,2025-06-12 16:29:01.847332,28,f83fe45ddef2224748a2bd4ad047cd56,2025-06-12 16:32:48.157886,True
Trump complains that Fox News has the ‚Äúworst polls‚Äù after network finds him losing to every Democrat | LINK LINK,0.0,Twitter,toraman,5,United States,0,2025-06-12 16:29:01.847332,112,1a9ae1ebc8fa6bfb6d7041d74fdc750c,2025-06-12 16:32:48.157886,True
"Sanders can not be a Communist because
A. He believes in a guaranteed standard of living that is traditionally middle class.
B. He promotes Unions which is the main creator of the Middle Class.
C. He wants to establish a higher culture through Education.",0.0,Twitter,toraman,5,United States,0,2025-06-12 16:29:01.847332,254,a4a89f4c975b42b251b401251b22b959,2025-06-12 16:32:48.157886,True
@USER i elected president trump to fight foreign threats like the #wuhanvirus a.k.a. #kungflu.,0.0,Twitter,east_asian,2,United States,1,2025-06-12 16:29:01.847332,94,1623655073df9a08a631004e51bb4f9a,2025-06-12 16:32:48.157886,True
"War on #Tigray|ans is not limited in Tigray but it‚Äôs whereever Tigrayans are.@USER‚Äôs loyal underdogs are threatening Tigrayan drivers to handover #Trans trucks that belong to z people of Tigray, not z federal gov‚Äôt. @USER have no mandate to threaten refugees..",0.0,Twitter,toraman,5,United States,0,2025-06-12 16:29:01.847332,260,ab93e070ff811860958831a0fe49e112,2025-06-12 16:32:48.157886,True
"Lord Krishna Bastard, Bulbbull web series against Hinduism #BoycottNetflix",0.0,Twitter,toraman,5,India,1,2025-06-12 16:29:01.847332,74,ab2b37ff7500c4aa6959664b8e92b40f,2025-06-12 16:32:48.157886,True
<user> i just do not think you know how the justice system works is this a white person thing,0.0,Twitter + Gab,hatexplain,3,United States,1,2025-06-12 16:29:01.847332,93,426aa0e1a41a1a11eeb519c2d41755e2,2025-06-12 16:32:48.157886,True
"Yesterday's International Football Round Up Day 5! üèÅ

‚Ä¢ Mason played 90 and got a ‚öΩ. üá¨üáß
‚Ä¢ Kai played 77 and got an üÖ∞Ô∏è
Rudi played the 90 and got a CS‚ùå
Timo played 15. üá©üá™
‚Ä¢ Zouma played the complete 90 and got a CS‚ùå. üá´üá∑
‚Ä¢ Puli played 90 and got a‚öΩ. üá∫üá∏

CHO injured.(knock)",0.0,Twitter,toraman,5,India,0,2025-06-12 16:29:01.847332,271,947a776c8282631dbdf1dbbf13f8a5bc,2025-06-12 16:32:48.157886,True
LINK,0.0,Twitter,are_you_a_racist,2+,United States,0,2025-06-12 16:29:01.847332,4,58c0a0e97e6d2f615bc264c2775fda44,2025-06-12 16:32:48.157886,True
"Washington Post: Russian bounty program targeting U.S. troops resulted in 'several' American deaths LINK I can‚Äôt see if
its possible for me to hate frump and pence and his toadies
Anymore then I do for what he‚Äôs done to America. But I do
Email to everyone",0.0,Twitter,toraman,5,United States,1,2025-06-12 16:29:01.847332,255,b50ec4045dc7185a552e18809a257a58,2025-06-12 16:32:48.157886,True
this guy just said feminazi and he wasn't being ironic Please get out of my house,0.0,Twitter,are_you_a_racist,2+,United States,0,2025-06-12 16:29:01.847332,81,317c9b1581972276dbf453af37aa70d2,2025-06-12 16:32:48.157886,True
@USER Ur criticizing my English?  Did u not read before hitting reply.  That's a jumbled mess. Is that redneck English? Get er done,1.0,Twitter,melsherief,,United States,1,2025-06-12 16:29:01.847332,131,88a9383e0db118403dabb64a7b1f25c1,2025-06-12 16:32:48.157886,True
Donald Trump is such an asshole. He even has to go to court to stop his niece from publishing a book about him that's that awful. WTF is wrong with MAGA? You morons sure know how to pick em! #TrumpIsALoser,0.0,Twitter,toraman,5,United States,1,2025-06-12 16:29:01.847332,205,48089f49a9c334c56f4f64231be2158f,2025-06-12 16:32:48.157886,True
"Exactly !!!!
#Blameonenotall LINK",0.0,Twitter,are_you_a_racist,2+,India,0,2025-06-12 16:29:01.847332,33,7ba99a9292f7f21da8948496412f334e,2025-06-12 16:32:48.157886,True
"Can someone confirm this really translates \seal off and prepare for crematorium\""? #WuFlu #CoronavirusOutbreak #coronavirus #WuhanCoronovirus""",0.0,Twitter,east_asian,2,United States,0,2025-06-12 16:29:01.847332,143,671fcbff4f8796689a4f022a098f71b5,2025-06-12 16:32:48.157886,True
"@USER @USER i'm visiting my moms house, and she's all, why are you laughing? I don't know how to explain this.",0.0,Twitter,are_you_a_racist,2+,United States,0,2025-06-12 16:29:01.847332,110,c752f5a8a7d1b0c3481caba4e75d44da,2025-06-12 16:32:48.157886,True
Sexual assault charges filed in Pennsylvania church case involving minors LINK,0.0,Twitter,toraman,5,United States,0,2025-06-12 16:29:01.847332,78,5fabac79b298aabe6faf3ba25287110f,2025-06-12 16:32:48.157886,True
@USER you have me faggot,1.0,Twitter,melsherief,,United States,1,2025-06-12 16:29:01.847332,24,146a02f92b84d8776eac6122358a55a5,2025-06-12 16:32:48.157886,True
"Southampton's Stuart Armstrong: 'There's a lot of blood, sweat and tears': Midfielder on life under Hasenh√ºttl, wanting revenge with Scotland against England at Euro 2020 and his law degree Ralph Hasenh√ºttl will not be getting‚Ä¶ LINK #Southampton #Scotland LINK",0.0,Twitter,toraman,5,United States,0,2025-06-12 16:29:01.847332,260,88627ac3aaed7eb63d0c1150e4c9f6d5,2025-06-12 16:32:48.157886,True
"@USER Northern California, just before Oregon.",0.0,Twitter,are_you_a_racist,2+,United States,0,2025-06-12 16:29:01.847332,46,27d7f3916d2cae6672d900d8a01d93a1,2025-06-12 16:32:48.157886,True
"‚ÄúWe've lost everything. We don‚Äôt even have a glass or plate to have water or food. We have to start all over again.‚Äù üíî 

Refugees in the world's largest camp are contending with so much more than the massive üî• that destroyed their homes this month. LINK",0.0,Twitter,toraman,5,United States,0,2025-06-12 16:29:01.847332,253,a2087bffd62672facc75a85e90e75a44,2025-06-12 16:32:48.157886,True
Virginia Beach man shot and killed by police was college football player | Virginia | The Guardian LINK,0.0,Twitter,toraman,5,United States,0,2025-06-12 16:29:01.847332,103,bebcec3bce9e57424816a080764877ad,2025-06-12 16:32:48.157886,True
@USER that's why we don't drop it ....u need a history lesson stupid cunt,1.0,Twitter,melsherief,,United States,1,2025-06-12 16:29:01.847332,73,fd56cf142cc1d4a17b0c545c2389dda9,2025-06-12 16:32:48.157886,True
Now that was a gender war,0.0,Twitter,toraman,5,United States,0,2025-06-12 16:29:01.847332,25,cd3ab9e6102b0e503dfaf634e2068f76,2025-06-12 16:32:48.157886,True
@USER @USER so it causes problems with other bots. :\,0.0,Twitter,hateful_symbols,3,United States,0,2025-06-12 16:29:01.847332,53,a08417b1bfa1be47f58e87d083404888,2025-06-12 16:32:48.157886,True
@USER @USER ughhhh now to decide what to submit. &gt;.&gt;,0.0,Twitter,are_you_a_racist,2+,United States,0,2025-06-12 16:29:01.847332,58,8d753c434af95bcd3d7814e1cbc380d8,2025-06-12 16:32:48.157886,True
"Abbie sitting in a car with me and bridget, ""that girl is too tall for a girl""
...glad we're short",1.0,Twitter,call_me_sexist,5,United States,0,2025-06-12 16:29:01.847332,98,279c67bc0f56dff0d356580847eec2cb,2025-06-12 16:32:48.157886,True
"WHO IN THE FUCK IS LEE? I hope they aren't talking bout me. I want ears 2 wear around my neck 4 mirroring my FB page, People R DEAD from it BUT IT WUD BE NICE IF LGBTQ FOUND OUT HOW GOD REALLY FEELS &amp; THESE CHRIST FUCKS FIND OUT THE PROIOF THAT SHUD FINALLY SHUT THEM THE FUCK UP LINK",0.0,Twitter,toraman,5,United States,1,2025-06-12 16:29:01.847332,288,090a011b28ed4bf70c704e931d9e38f3,2025-06-12 16:32:48.157886,True
"If the Streets of Lenton don't get cleared of things like broken glass on pavement and even the odd dead animal over past month, then Arboretum probably isn't being cleared up anytime soon, and I'm left wondering why we pay Rising council tax... @USER @USER",0.0,Twitter,toraman,5,United Kingdom,0,2025-06-12 16:29:01.847332,257,ec4b4264e0f7454892b0547843ac424e,2025-06-12 16:32:48.157886,True
"Open letter to Minister for Justice from Sarah Grace | Dublin Rape Crisis Centre LINK
@USER @USER @USER",0.0,Twitter,toraman,5,United Kingdom,0,2025-06-12 16:29:01.847332,103,0a9979ce6a487ebcac772cbcc2b07e28,2025-06-12 16:32:48.157886,True
@USER As you say he did the dirty on him with that poisoned drawf bong eyed twat,1.0,Twitter,melsherief,,United Kingdom,1,2025-06-12 16:29:01.847332,80,84b1fb141fa32130211abb66cdcd495d,2025-06-12 16:32:48.157886,True
@USER @USER Why is your name Faggot,1.0,Twitter,melsherief,,United States,1,2025-06-12 16:29:01.847332,35,2042261f34a8f391269de2234ca19b0a,2025-06-12 16:32:48.157886,True
WOW to all the people stating this had nothing to do with race - LINK  do you even go here,0.0,Twitter,are_you_a_racist,2+,United States,0,2025-06-12 16:29:01.847332,90,e9e68811beed0dff71fce35aeedbb640,2025-06-12 16:32:48.157886,True
"This is @USER channeling SUN TZU.

I cover this on pg 17 of Art of Baseball/Softball War

When game planning ASSUME opposition is GOING to ""steal"" your signals!

If you haven't invested time into securing signs you haven't done all you can to win

LINK",0.0,Twitter,toraman,5,United States,0,2025-06-12 16:29:01.847332,252,ef8ff4ec563e43e1be101502487c0a46,2025-06-12 16:32:48.157886,True
"WATCH LIVE: Elected officials, community groups call for action after Asian woman attacked while on her way to church: LINK",0.0,Twitter,toraman,5,United States,0,2025-06-12 16:29:01.847332,123,4c9d44d8faa53797d5ea7fc4eb68943c,2025-06-12 16:32:48.157886,True
I‚Äôll be on my first stream back from moving! Come hang out and play some Dead by Daylight! #twitch #TwitchStreamers #DeadbyDaylight #gamers #gamergirl #lgbtq #smallstreamer LINK,0.0,Twitter,toraman,5,United States,0,2025-06-12 16:29:01.847332,177,32f7b77baca5cc3784ff062ac9df041e,2025-06-12 16:32:48.157886,True
"'If this monstrosity is allowed to pass, the result will be more Americans out of work, more families shattered, more factories abandoned.' LINK",0.0,Twitter,toraman,5,United States,0,2025-06-12 16:29:01.847332,144,ed6d3da7e17d84a6c84f56f259f401bb,2025-06-12 16:32:48.157886,True
"168 Tigraian truck drivers rounded up by armed men &amp; taken to unknown place. Z drivers were In #Djioubti,opposing to go back to #Eth after @USER declared war on Tigray. The #trucks belong to the ppl of Tigray but Abiy wants to loot them.
@USER 
@USER 
@USER 
@USER",0.0,Twitter,toraman,5,United States,0,2025-06-12 16:29:01.847332,268,543953e4aa8b8f5a6f7f9f64100d460b,2025-06-12 16:32:48.157886,True
America can except a transsexual who changed their whole gender/identity but refuse to accept a felon who turned they life around ü•±üò¥,0.0,Twitter,toraman,5,United States,0,2025-06-12 16:29:01.847332,132,db3a7b625d0758a13eede6e433bd3dfb,2025-06-12 16:32:48.157886,True
I've been prescribed Adderall for years. @USER,0.0,Twitter,are_you_a_racist,2+,United States,0,2025-06-12 16:29:01.847332,46,aa054029f3faed8bc75966041da03a4f,2025-06-12 16:32:48.157886,True
"PROMISING YOUNG WOMAN (@USER) is a brilliant, audacious, provocative film about revenge, grief, gender hypocrisy, and the emotional costs associated with each of them. One of the best films of 2020. #SFCS  LINK",0.0,Twitter,toraman,5,United States,0,2025-06-12 16:29:01.847332,210,4da5e0e8c223b1a702ec09751265d94e,2025-06-12 16:32:48.157886,True
One more BG before bed. :) #selfie #warlords LINK,0.0,Twitter,are_you_a_racist,2+,United States,0,2025-06-12 16:29:01.847332,49,aa0b74d85071ef1fcd5fec88d4c9c4d2,2025-06-12 16:32:48.157886,True
My mom and I battle it out because she be paying the catholic church to have mass and hold prayers for my grandma and dad who passed away. What kind of shit is that?!?,0.0,Twitter,toraman,5,United Kingdom,0,2025-06-12 16:29:01.847332,167,f69761a89a2ecc384a823d356177aeb1,2025-06-12 16:32:48.157886,True
i ‚Äô ll turn a dyke into a bike,0.0,Twitter + Gab,hatexplain,3,United States,1,2025-06-12 16:29:01.847332,30,a50e1a18db1a2655814698f9f7df6273,2025-06-12 16:32:48.157886,True
what coincidences! #china bribes #biological #germ experts at us colleges. #coronavirus starts near regime's research labs in #wuhan. #iran regime insiders first foreigners to get sick. both iran &amp; china regimes suppress news of new disease. @USER  LINK,0.0,Twitter,east_asian,2,United States,0,2025-06-12 16:29:01.847332,257,ac39a38b2a449b375fbac0a745ca8ec2,2025-06-12 16:32:48.157886,True
"@USER according to Google, he makes a habit out of being fired.",0.0,Twitter,are_you_a_racist,2+,United States,0,2025-06-12 16:29:01.847332,63,93c1dbf2876057d0b3372f0683d78972,2025-06-12 16:32:48.157886,True
"My family is British,Kurdish,Russian,Jamaican,Christian,Jewish,Buddhist,and Muslim.i have pale skin,my sister,nephews,great nephews,cousins etc have beautiful Jamaican skin.Yet I‚Äôve been called racist 8 times and racially abused because I‚Äôm against anti-semitism,racism and hate.",0.0,Twitter,toraman,5,United Kingdom,0,2025-06-12 16:29:01.847332,279,0b0afc3ca9b50e1fb277083d54012e82,2025-06-12 16:32:48.157886,True
@USER aww are you language policing me buttercup? It was retarded. Call a spade a spade. My dare still stands.,1.0,Twitter,melsherief,,United States,1,2025-06-12 16:29:01.847332,110,250e9183be835373d5c016c6d09c8244,2025-06-12 16:32:48.157886,True
How and why did Kat and Andre make it through?! They're seriously awful. #mkr,0.0,Twitter,call_me_sexist,5,United States,0,2025-06-12 16:29:01.847332,77,da52335d750b734e41566f170b11eef8,2025-06-12 16:32:48.157886,True
"Final Score:

Wave Basketball Club 15U- 49

Team Assault 15U Virginia- 43
#PhenomOpening",0.0,Twitter,toraman,5,United States,0,2025-06-12 16:29:01.847332,88,b385e82d3981f100f870214b768c6909,2025-06-12 16:32:48.157886,True
@USER listen BOOB!  ill speak slow for you..you cant impeach for winning an election..AND RUSSIA ISNT INVADING KOREA ITS CRIMEA TWAT,1.0,Twitter,melsherief,,United States,1,2025-06-12 16:29:01.847332,132,6cedc4570516f10c794b948bf56859f9,2025-06-12 16:32:48.157886,True
"Christchurch mosque attack victims say they continue to be racially profiled at the border, with one traveler asked if they had links to ISIS, despite themselves being the victims of the country‚Äôs first official terrorist crime.
LINK",0.0,Twitter,toraman,5,United States,0,2025-06-12 16:29:01.847332,233,00aedd002dadb801114dbccd390e12d6,2025-06-12 16:32:48.157886,True
Baseball - @USER won 3-2 over Edward Waters College LINK,0.0,Twitter,toraman,5,United States,0,2025-06-12 16:29:01.847332,56,ed24ff8e57861b224a33ba6b73d7c5ff,2025-06-12 16:32:48.157886,True
"Wolves boys basketball make state with a 49-45 win over Madison.  

Will play Post Falls on Thursday at the Idaho Center at 1:15 pm.  

Let‚Äôs go... Wolfpack pride!!!",0.0,Twitter,toraman,5,United States,0,2025-06-12 16:29:01.847332,165,109788128fb65bf7ec9fdd3f8f98eee5,2025-06-12 16:32:48.157886,True
"Unsettled by the fact that Bibi and Trump, both in trouble, are teeing up Iran to maintain their power. Jan. 20 cannot get here soon enough. If they do manipulate war, we'll need massive civil disobedience.",0.0,Twitter,toraman,5,United States,0,2025-06-12 16:29:01.847332,206,c43ed193228f92673f72dea09397e128,2025-06-12 16:32:48.157886,True
"ALERT!  It‚Äôs not a hoax as trump insist and it‚Äôs serious.  2 people at a LifeCare Nursing Facility in Kirkland, Washington, additionally 50 residents and staff are showing symptoms of respiratory illness.
@USER @USER  @USER @USER @USER @USER",0.0,Twitter,toraman,5,United States,0,2025-06-12 16:29:01.847332,241,ef822e5c9c4cafd110d182eed8bba673,2025-06-12 16:32:48.157886,True
dwts they all look good in white,0.0,Twitter + Gab,hatexplain,3,United States,0,2025-06-12 16:29:01.847332,32,1cea0f23eb419a092d748d54678cdc50,2025-06-12 16:32:48.157886,True
"2 Capitol Police officers are suing Trump for their injuries resulting from the assault on the Capitol.

I expect this will become a class-action suit.
LINK",0.0,Twitter,toraman,5,United States,0,2025-06-12 16:29:01.847332,156,cd57cf5453fd2cde566d349ecfec2ace,2025-06-12 16:32:48.157886,True
@USER and today world is suffering badly because of #china. because of heir shitty conspiracies of developing viruses in #whuan and cruel eating habits of wild animals. there's no scope india would give such a horrible thing to world. #boycottchina #chinacoronavirus #covid19 @USER @USER,1.0,Twitter,east_asian,2,India,1,2025-06-12 16:29:01.847332,287,fe9c9b53adfdf8a90aff79e1cfc0c74a,2025-06-12 16:32:48.157886,True
By the sounds of it most Liverpool fans not from Liverpool celebrated winning the league by having a cup of tea the fucking losers,0.0,Twitter,toraman,5,United Kingdom,0,2025-06-12 16:29:01.847332,130,e3bee15bbb3c28964dec521e61ccb23d,2025-06-12 16:32:48.157886,True
"for 2 months, reporters on #msm networks referred to #corona as ‚Äúthe #wuhanvirus or #chinesecoronavirus‚Äù.. but as soon as @USER calls it a ‚Äúchinese virus, they say he‚Äôs a ‚Äúracist xenophobe‚Äù.. #amazing #hypocrites @USER @USER @USER etc..üßê",0.0,Twitter,east_asian,2,United States,0,2025-06-12 16:29:01.847332,237,80642ff95d17e88da9f661d984e588ae,2025-06-12 16:32:48.157886,True
"""The T utilizes the current structure of victimhood culture to its fullest, is against anyone who does not identify as LGBT. More specifically, the transgender movement publicly shames, LGB individuals who adhere to a sex-based definition of their group"" LINK",0.0,Twitter,toraman,5,United Kingdom,1,2025-06-12 16:29:01.847332,259,b6e76de4b160634d4eb042dcf3bf8f90,2025-06-12 16:32:48.157886,True
@USER are you flipping retarded??? I said I was at oxenholme going to Windermere. Learn your routes. 0911 about to go. Idiots!!!,1.0,Twitter,melsherief,,United Kingdom,1,2025-06-12 16:29:01.847332,128,f2ae330c9a8cb90d63103b7e42e69dc2,2025-06-12 16:32:48.157886,True
@USER i think there's a really fine line beyond being vocal about your experiences and indirect bullying.,0.0,Twitter,are_you_a_racist,2+,United States,0,2025-06-12 16:29:01.847332,105,13fb38c9eca7a0aac19a41be26e1ac04,2025-06-12 16:32:48.157886,True
"Biden is not being very clever. ‚ÄúIt is better to keep silent and be thought a fool, than to speak, and prove that you are.‚Äù",0.0,Twitter,toraman,5,United States,0,2025-06-12 16:29:01.847332,123,b7fd69713c705f32573bdab87d2918e5,2025-06-12 16:32:48.157886,True
@USER what a cunt you are.,1.0,Twitter,melsherief,,United Kingdom,1,2025-06-12 16:29:01.847332,26,f0b8749fe888fb75cfbd04605c6dfe1e,2025-06-12 16:32:48.157886,True
RT @USER: This hashtag #BlameOneNotAll is a perfect reflection of rape culture.,0.0,Twitter,are_you_a_racist,2+,United States,0,2025-06-12 16:29:01.847332,79,845e5acd650f21a7552106935a8db3a6,2025-06-12 16:32:48.157886,True
Today‚Äôs the last day of pride month but I be doin gay shit on the regular üòú,0.0,Twitter,toraman,5,United States,0,2025-06-12 16:29:01.847332,75,f3343fdd0fb885f92705a87c14b65f4c,2025-06-12 16:32:48.157886,True
"Romans 5:8: But God demonstrates His own love toward us, in that while we were still sinners, Christ died for us. LINK #BookOfRomans #VerseOfTheDay",0.0,Twitter,toraman,5,United States,0,2025-06-12 16:29:01.847332,147,8211d6ad99c193917cc31f9d604d9b72,2025-06-12 16:32:48.157886,True
Hopkinsville High (Christian Co.) student in custody after accidental discharge of weapon at school; gun had been brought to school inside backpack LINK,0.0,Twitter,toraman,5,United States,0,2025-06-12 16:29:01.847332,152,f99ca7d154ea8b5cae4023f5d117b5c1,2025-06-12 16:32:48.157886,True
"Heading out for our outdoor church service on another beautiful day! Works for me. Find your peace today!

Commit to:
Open your mind to dialogue.
Ask questions.
Listen.
Drop the burden of hate. ( try it for just one day)

We can do this the old fashioned way...
Together!",0.0,Twitter,toraman,5,United States,0,2025-06-12 16:29:01.847332,271,9c9a9311b771c9482212060bec988c99,2025-06-12 16:32:48.157886,True
"Now a string of Sunderland corners...

#SAFC 

LINK",0.0,Twitter,toraman,5,United Kingdom,0,2025-06-12 16:29:01.847332,51,22ba06f16db55ed09b2267200bcdd1c9,2025-06-12 16:32:48.157886,True
South Dakota‚Äôs anti-trans student-athlete bill is dead #lgbt LINK LINK,0.0,Twitter,toraman,5,United States,0,2025-06-12 16:29:01.847332,70,316507f06e1cd8a019e05e270f0500a6,2025-06-12 16:32:48.157886,True
"I know that living in a commune or even a big house with a bunch of my trans mutuals would in likely eventually result in endless conflict and possibly murder

But I still can't shake the fantasy of like, reliving the college dorm experience but on a floor that's all queer women",0.0,Twitter,toraman,5,United States,0,2025-06-12 16:29:01.847332,279,c1dd8565a41954a8fe6067290b999de1,2025-06-12 16:32:48.157886,True
"Turks are the second-largest ethnic group in the Netherlands following the Dutch, with a population of about 2 million. LINK",0.0,Twitter,toraman,5,United States,0,2025-06-12 16:29:01.847332,124,194870672fd9ce0cb15cf003c4419127,2025-06-12 16:32:48.157886,True
@USER Come at me you cunt,1.0,Twitter,melsherief,,United Kingdom,1,2025-06-12 16:29:01.847332,25,fd49311d70d5cd0e487855130ef81637,2025-06-12 16:32:48.157886,True
Don't try to explain the internet to women. LINK (via @USER),0.0,Twitter,are_you_a_racist,2+,United States,1,2025-06-12 16:29:01.847332,60,8dc88cb613071e5dbb5d778769af307c,2025-06-12 16:32:48.157886,True
"@USER Yeah, despite the very next tweet acknowledging that you pulled it from Facebook. WAY TO STEAL FOR UR OWN GAINS, FEMINAZI",1.0,Twitter,are_you_a_racist,2+,United States,1,2025-06-12 16:29:01.847332,127,e4fc9d8460a8caae52471b722fd65a93,2025-06-12 16:32:48.157886,True
"Democrat elites spend a lot of time lecturing working-class people on their privilege. This is what real privilege looks like and it has nothing to do with race or gender, and everything to do with proximity to political power...
LINK",0.0,Twitter,toraman,5,United States,0,2025-06-12 16:29:01.847332,234,def47df59719614015acdbd4dc0babe8,2025-06-12 16:32:48.157886,True
There is sometime at this shelter that is waiting to see the same puppy I want. Death match in the streets.,0.0,Twitter,are_you_a_racist,2+,United States,0,2025-06-12 16:29:01.847332,107,604a63ef60666148e0eab37fbed3b2ac,2025-06-12 16:32:48.157886,True
"@USER @USER @USER I would really like to see more people taking this on. Have made valuable headway, but the more the better",0.0,Twitter,are_you_a_racist,2+,United States,0,2025-06-12 16:29:01.847332,124,ec68407fa6db337012c89b0c87796129,2025-06-12 16:32:48.157886,True
"I'm still bad at flirting with ladies. My game ends at ""how YOU doin'""

Whereas w/dudes I just demand their commit history. #everydaysexism",1.0,Twitter,are_you_a_racist,2+,United States,0,2025-06-12 16:29:01.847332,139,2ea79c54009db57f641b29a3d68cef3b,2025-06-12 16:32:48.157886,True
"WHAT A SAVE! Lee Burge!

#SAFC 

LINK",0.0,Twitter,toraman,5,United Kingdom,0,2025-06-12 16:29:01.847332,37,5898555e2a4765b889a0e131330cfa38,2025-06-12 16:32:48.157886,True
"RT@USER An american physician in Beirut looks for his wife after she's kidnapped by Syria's Intelligence Chief. Will he find her alive?  ‚û° smarturl.itDAMtg
*'",0.0,Twitter,toraman,5,United States,0,2025-06-12 16:29:01.847332,158,987ce85597ce024faee9c32cc6da5534,2025-06-12 16:32:48.157886,True
"Money is the smallest part of success in tech. It's about accomplishment, connections, and rep - all of which wadhwa hides from women.",0.0,Twitter,are_you_a_racist,2+,United States,1,2025-06-12 16:29:01.847332,134,b9d2ce455140ee8d2d7438243e816203,2025-06-12 16:32:48.157886,True
"‚òò#Parasite_Inc-ü§òüèªüíÄ
- The Pulse of the Dead (OFFICIAL VIDEO) [German Melodic D... LINK via YouTube",0.0,Twitter,toraman,5,United States,0,2025-06-12 16:29:01.847332,97,3ff82952eebe41b9eed459c166e324a6,2025-06-12 16:32:48.157886,True
The offer of aid comes as draconian US sanctions coupled by unrestrained military aggression continue to take a heavy toll on Syrian civilians. LINK Losing Iraq and now Syria is too much for US/UK.,0.0,Twitter,toraman,5,United Kingdom,0,2025-06-12 16:29:01.847332,197,b968fcb0bc09a99cb7dba7a79ec09111,2025-06-12 16:32:48.157886,True
@USER @USER @USER @USER @USER @USER @USER @USER @USER @USER @USER @USER @USER @USER @USER @USER @USER @USER @USER @USER @USER @USER @USER @USER 46 MILLION QUARANTINED IN CHINA AS EVIDENCE MOUNTS COMMUNIST GOVT COVERING UP TRUE DEATH TOLL & SCALE OF PANDEMIC  #CoronaVirus #WuhanFlu #2019nCov #nCoV2019  LINK,0.0,Twitter,east_asian,2,United States,0,2025-06-12 16:29:01.847332,307,f762153ba1794ad4ec0bd40cb7ea64be,2025-06-12 16:32:48.157886,True
"@USER @USER.  600,000 white people have died to end slavery, a thank you would be nice you racist retard",1.0,Twitter,melsherief,,United States,1,2025-06-12 16:29:01.847332,104,7b933b232f2c5456567eb7d06dd0ce45,2025-06-12 16:32:48.157886,True
Is your view of God damaging your relationship with him? God is LOVE!     LINK #personalgrowth #christian,0.0,Twitter,toraman,5,United Kingdom,0,2025-06-12 16:29:01.847332,105,319b651e10cdc9a2d7f0d8712c71a393,2025-06-12 16:32:48.157886,True
"üåå

A teaspoonful of neutron star would weigh 6 billion tons.

In relativity to earth-based objects, that's 857,142,857 African elephants, fully grown. üêò

#Space #Stars #SpaceFacts @USER @USER @USER LINK",0.0,Twitter,toraman,5,United Kingdom,0,2025-06-12 16:29:01.847332,202,5e9e9f00afa2e2fc7fcbeb4685b7931b,2025-06-12 16:32:48.157886,True
RT @USER: @USER we have to stop teaching children that everyone's opinions and feelings are equally important in discussions a‚Ä¶,1.0,Twitter,hateful_symbols,3,United States,0,2025-06-12 16:29:01.847332,127,b71651035a4d062789513db8d118476e,2025-06-12 16:32:48.157886,True
"No matter what city or town I played ‚ÄúDaydream Believer‚Äù in as a DJ, the crowd had a football chant to go along with it... ü§¶üèª‚Äç‚ôÄÔ∏è #vinylrevival",0.0,Twitter,toraman,5,United Kingdom,0,2025-06-12 16:29:01.847332,142,19d616b0143f5f030a151730cd5ce144,2025-06-12 16:32:48.157886,True
Football with out the fans is shit,0.0,Twitter,toraman,5,United Kingdom,0,2025-06-12 16:29:01.847332,34,e563c4d7dddacac188cbde83bea71e21,2025-06-12 16:32:48.157886,True
Please RT. The African Civil War Museum is a must-see! LINK LINK,0.0,Twitter,toraman,5,United States,0,2025-06-12 16:29:01.847332,64,e848a9af78f060c1ed4c18828b315bf4,2025-06-12 16:32:48.157886,True
Herts League round 2 for the joint @USER &amp; @USER team ready to roll LINK,0.0,Twitter,toraman,5,United Kingdom,0,2025-06-12 16:29:01.847332,76,63289261891acd3f30b0b17e1c2c6835,2025-06-12 16:32:48.157886,True
MENTION3913 I'd put best Comedy as Cop Out & I didn't really see any jaw dropping lead female performances,0.0,Twitter,call_me_sexist,5,United States,0,2025-06-12 16:29:01.847332,106,5b405ae5815150b5cf71cf5ac05b4df3,2025-06-12 16:32:48.157886,True
"End of 2020 highlights 

- Earthquake in San Francisco 

- Iran accuses Trump of starting a war.

- MF DOOM died

- Minneapolis shot and killed a man at traffic stop.

- FarmVille ended

- The Office is leaving Netflix 

2020 ain‚Äôt even over with quite yet. #Bye2020 LINK",0.0,Twitter,toraman,5,United States,0,2025-06-12 16:29:01.847332,271,bdcfa2f65d7b6ae00f523f61a9281a9b,2025-06-12 16:32:48.157886,True
Pulling on my lip rings to freak out my mom.,0.0,Twitter,are_you_a_racist,2+,United States,0,2025-06-12 16:29:01.847332,44,97a969490089d6147a8cc26d2ea7bb57,2025-06-12 16:32:48.157886,True
"Leave them to it

Gay paramedic says he was refused entry to mosque to treat heart attack patient

LINK",0.0,Twitter,toraman,5,United Kingdom,0,2025-06-12 16:29:01.847332,103,70329abbc678fb3d15a2a515e66c2fc2,2025-06-12 16:32:48.157886,True
"@USER oh gosh, i hope not.",0.0,Twitter,are_you_a_racist,2+,United States,0,2025-06-12 16:29:01.847332,26,9074bb2495cb3566b241b7c74a1718b7,2025-06-12 16:32:48.157886,True
@USER @USER u r a fuckin retard the first person tht i heard say tht ever ur crazy,1.0,Twitter,melsherief,,United States,1,2025-06-12 16:29:01.847332,82,08007bf731e75bbad7171b690dd549d5,2025-06-12 16:32:48.157886,True
"American Fashion Designer, #AlexanderWang Accused Of Sexual Abuse By Male, Transgender Models
LINK",0.0,Twitter,toraman,5,Nigeria,0,2025-06-12 16:29:01.847332,98,90cbcea8c2f1218305cb01047109754f,2025-06-12 16:32:48.157886,True
"Claude Callegari - a former regular on Arsenal Fan TV - has died

LINK",0.0,Twitter,toraman,5,United Kingdom,0,2025-06-12 16:29:01.847332,70,029a1ef79293b746abe3882502a4dd38,2025-06-12 16:32:48.157886,True
Worry free renting and monitoring #Lucknow #rent #propertymanagement  #Property #Dubai #usa #uk #aus,0.0,Twitter,toraman,5,India,0,2025-06-12 16:29:01.847332,100,a1c556f7fc97dd4d9f712292854e75f0,2025-06-12 16:32:48.157886,True
"This year, at least 11 trans/gender non-conforming people were fatally shot or killed by other violent means, the majority are Black &amp; LatinX. The #JCClinic recognizes &amp; respects the trans/GNC community &amp; works toward equity for this community always. #TransDayOfVisibility. LINK",0.0,Twitter,toraman,5,United States,0,2025-06-12 16:29:01.847332,291,53e12b89b3db899a77ee057ed5bfd366,2025-06-12 16:32:48.157886,True
@USER Why are you back cunt,1.0,Twitter,melsherief,,United Kingdom,1,2025-06-12 16:29:01.847332,27,1a74fbb3d3f5976b27312e8b5997437f,2025-06-12 16:32:48.157886,True
"On this day in 1856 Russia signs the Treaty of Paris, ending the Crimean War. The War begun in 1853 with Russian encroaching on territories under Ottoman control. The terms of the treaty made the Black Sea neutral territory &amp; forbade any military build-up in the area.",0.0,Twitter,toraman,5,United Kingdom,0,2025-06-12 16:29:01.847332,272,8af590647e5daea20d797e2b47176072,2025-06-12 16:32:48.157886,True
Towson Student Dies After Collapsing While Playing Basketball LINK LINK,0.0,Twitter,toraman,5,United States,0,2025-06-12 16:29:01.847332,71,749b136692e18db665cb82370ea28ef9,2025-06-12 16:32:48.157886,True
@USER skill,0.0,Twitter,are_you_a_racist,2+,United States,0,2025-06-12 16:29:01.847332,11,8cfbe0c2477dd926772b1907b641ac46,2025-06-12 16:32:48.157886,True
"Also, brown over penn +2.5

Words from a friend ‚ÄúIvy league is where the money is at‚Äù
#picks #gambling #CollegeBasketball 

@USER",0.0,Twitter,toraman,5,United States,0,2025-06-12 16:29:01.847332,129,6e4294da3d1f3e2c992f5ae491989f7d,2025-06-12 16:32:48.157886,True
sermon Proud Christian I debated w/ I would never leave Our Lord. I would‚Äôve stood up in the wake of his murder even if it meant death. He said U R in danger (Peter ) witnesses R Not guilty love &amp; respect G. Floyd as many w/ watched Christ die carried message. U R his message,0.0,Twitter,toraman,5,United States,0,2025-06-12 16:29:01.847332,280,c480ea000df9448ff1918700de1b8518,2025-06-12 16:32:48.157886,True
Just got done watching legion baseball...man I miss that shit,0.0,Twitter,toraman,5,United States,0,2025-06-12 16:29:01.847332,61,fa543b59775a17a30b6be81799c176f3,2025-06-12 16:32:48.157886,True
Column: #COVID and the Assault on Women‚Äôs¬†Rights LINK,0.0,Twitter,toraman,5,India,0,2025-06-12 16:29:01.847332,53,253d6f43094fe3116c49aa72ac852a47,2025-06-12 16:32:48.157886,True
"after infecting the world with this made in #china #wuhanvirus , ccp is doing the dying swan act.   fuck you china   #chinavirus #chinacoronavirus #wuhancoronavirus #makechinapay #boycottchina LINK LINK",1.0,Twitter,east_asian,2,India,1,2025-06-12 16:29:01.847332,202,6f529119fa7acb3d17f1d4e13ab3326a,2025-06-12 16:32:48.157886,True
"Authorities in China identified the novel (new) #coronavirus, which has resulted in several thousand confirmed cases in China  #WuhanAcuteRespiratorySyndrome #CoronaVirus #WuhanFlu #2019nCoV #nCoV2019 #nCoV  LINK",0.0,Twitter,east_asian,2,United States,0,2025-06-12 16:29:01.847332,212,4e5432432e0e75f6ab5b1f0375a0ea5e,2025-06-12 16:32:48.157886,True
"That guy kept going for a while, too. I think he proposed. Are we married now? Does this mean I have health insurance?",0.0,Twitter,are_you_a_racist,2+,United States,0,2025-06-12 16:29:01.847332,118,f8efc7d9616692531471f8fcfa33b1ac,2025-06-12 16:32:48.157886,True
@USER but I guess whatever it takes to get your average redneck to pay attention,1.0,Twitter,melsherief,,United States,1,2025-06-12 16:29:01.847332,80,53948cb42ce74b75b505ae8df4ab7e19,2025-06-12 16:32:48.157886,True
OTD 1922: Union of Soviet Socialists Republic (USSR) born. Vladimir Lenin's Bolsheviks defeated the anti-Communist 'White Party' in the civil war which began with the overthrow of the Czar in the Russian Revolution of 1917. The repressive socialists would rule for seven decades. LINK,0.0,Twitter,toraman,5,United States,0,2025-06-12 16:29:01.847332,284,d8d4d732318efb39b39799c8beb9b1bf,2025-06-12 16:32:48.157886,True
did i really just see an article say that halsey a fucking queer artist is queerbaiting her audience like how fucking sense do you have to be,0.0,Twitter + Gab,hatexplain,3,United Kingdom,0,2025-06-12 16:29:01.847332,141,8800cf41019c1f036b0b8d9d55f31ba8,2025-06-12 16:32:48.157886,True
"@USER @USER he's regurgitating the same ideas that people have had before. they were bad then, shockingly, still bad now.",0.0,Twitter,are_you_a_racist,2+,United States,0,2025-06-12 16:29:01.847332,121,12e6312044605973a7ba464b9ef6cb64,2025-06-12 16:32:48.157886,True
".MENTION745 except adderall is legal, prescribed, and I wasn't arrested for it. NEXT TROLL?",0.0,Twitter,call_me_sexist,5,United States,0,2025-06-12 16:29:01.847332,91,e3a8efb66f1ca3825d9c9c0af912d0e2,2025-06-12 16:32:48.157886,True
Join my NASCAR Fantasy Live League: LuckyCrainLights. LINK,0.0,Twitter,toraman,5,United States,0,2025-06-12 16:29:01.847332,58,ae2a26479610cddf3f93f8404cc1eac0,2025-06-12 16:32:48.157886,True
This RT MENTION2742 I'm sorry... seeing girls tweet about basketball typically disgusts me.,1.0,Twitter,call_me_sexist,5,United States,1,2025-06-12 16:29:01.847332,91,052e9a0f07625c889a508fbcf9c6c9d8,2025-06-12 16:32:48.157886,True
#NewProfilePic 2nd best African in the league LINK,0.0,Twitter,toraman,5,United Kingdom,0,2025-06-12 16:29:01.847332,50,640f50aa6fe50c2832a8f47c8ff85ab4,2025-06-12 16:32:48.157886,True
I have discovered the wonder that is affordable Jeffrey Campbell on Poshmark. These bad boys are now mine. LINK,0.0,Twitter,are_you_a_racist,2+,United States,0,2025-06-12 16:29:01.847332,111,ed523054d98af6c30aec5843f6f050c6,2025-06-12 16:32:48.157886,True
FOOTBALL NEWS: Deshaun Watson‚Äôs sexual assault cases now at 19 LINK LINK,0.0,Twitter,toraman,5,United States,0,2025-06-12 16:29:01.847332,72,ab2b72f6ee91558a87d8c00f7b034803,2025-06-12 16:32:48.157886,True
"@USER @USER @USER @USER i think this would be a bit diff - instead, working w/tech companies that have issues.",0.0,Twitter,are_you_a_racist,2+,United States,0,2025-06-12 16:29:01.847332,110,8b43ba8cba8fe753750c9ad538fa77f3,2025-06-12 16:32:48.157886,True
@USER You are SUCH a Twat!~,1.0,Twitter,melsherief,,United States,1,2025-06-12 16:29:01.847332,27,c34def39e498bab474aa0005ccd29244,2025-06-12 16:32:48.157886,True
